Test Number, ShadersTotal, FPS, GPU Usage
1, 25, 290, 4.370213
2, 100, 283, 3.414154
3, 169, 257, 4.53949
4, 256, 182, 7.343292
5, 361, 123, 8.911133
