Test Number, ShadersTotal, FPS, GPU Usage
1,25,232,5.473137
2,64,287,3.139496
3,121,284,3.145218
4,196,210,5.558014
5,289,164,6.305695
6,400,125,20.32089
7,529,85,12.1727
8,676,67,15.54871
9,841,57,17.73071
10,1024,54,21.0495
11,1225,45,24.2157
12,1444,37,29.54865
13,1681,36,32.57751
14,1936,31,35.81238
15,2209,25,30.6778
